ID_решения,Категория,Сценарий,Альтернатива,Было_выбрано,Удовлетворенность_результатом,Время_до_результата_дни,Пришлось_ли_корректировать,Влияние_на_другие_области,Рекомендовал_бы_другим,Стресс_при_принятии_решения,Стресс_после_принятия_решения,Финансовые_последствия,Эмоциональные_последствия,Долгосрочное_влияние,Дата_оценки
1,Карьера и образование,Выбор специальности в университете,Вариант_1,True,8.3,152,True,3,False,3,10,Нейтральные,Положительные,Отрицательное,2025-10-13 06:43:01.509885
2,Карьера и образование,Выбор специальности в университете,Вариант_2,False,3.8,353,True,2,False,4,8,Нейтральные,Отрицательные,Нейтральное,2025-10-26 06:43:01.510022
3,Карьера и образование,Выбор специальности в университете,Вариант_3,False,2.4,108,True,5,True,3,8,Отрицательные,Нейтральные,Нейтральное,2025-12-16 06:43:01.510133
4,Карьера и образование,Выбор специальности в университете,Вариант_4,True,5.9,173,False,5,False,6,7,Нейтральные,Положительные,Отрицательное,2026-02-17 06:43:01.510224
5,Карьера и образование,Выбор специальности в университете,Вариант_5,False,7.3,100,False,0,True,6,10,Положительные,Отрицательные,Нейтральное,2026-05-18 06:43:01.510308
6,Карьера и образование,Смена работы,Вариант_1,True,6.2,227,False,2,True,4,4,Отрицательные,Положительные,Отрицательное,2026-08-25 06:43:01.510448
7,Карьера и образование,Смена работы,Вариант_2,True,4.3,295,True,5,True,7,7,Отрицательные,Положительные,Положительное,2025-11-14 06:43:01.510553
8,Карьера и образование,Смена работы,Вариант_3,False,9.8,92,True,0,False,10,7,Положительные,Отрицательные,Отрицательное,2026-04-20 06:43:01.510636
9,Карьера и образование,Смена работы,Вариант_4,True,1.3,124,False,3,False,10,3,Отрицательные,Отрицательные,Нейтральное,2025-11-10 06:43:01.510714
10,Карьера и образование,Смена работы,Вариант_5,False,8.8,333,False,2,False,6,1,Положительные,Положительные,Положительное,2025-11-27 06:43:01.510793
11,Карьера и образование,Повышение квалификации,Вариант_1,False,6.8,261,True,0,False,5,2,Отрицательные,Положительные,Нейтральное,2026-05-31 06:43:01.510869
12,Карьера и образование,Повышение квалификации,Вариант_2,False,3.7,65,True,2,True,9,3,Нейтральные,Отрицательные,Положительное,2026-04-15 06:43:01.510947
13,Карьера и образование,Повышение квалификации,Вариант_3,False,1.6,300,True,1,True,3,10,Отрицательные,Положительные,Положительное,2026-07-07 06:43:01.511023
14,Карьера и образование,Открытие собственного бизнеса,Вариант_1,False,8.2,63,True,1,True,3,2,Отрицательные,Нейтральные,Положительное,2025-11-08 06:43:01.511109
15,Карьера и образование,Открытие собственного бизнеса,Вариант_2,True,5.6,187,True,3,True,4,5,Положительные,Отрицательные,Нейтральное,2026-06-26 06:43:01.511189
16,Карьера и образование,Открытие собственного бизнеса,Вариант_3,False,2.3,252,False,4,False,10,9,Отрицательные,Положительные,Отрицательное,2025-11-15 06:43:01.511268
17,Карьера и образование,Открытие собственного бизнеса,Вариант_4,True,3.1,97,True,2,True,3,10,Отрицательные,Положительные,Отрицательное,2026-03-28 06:43:01.511387
18,Карьера и образование,Открытие собственного бизнеса,Вариант_5,False,2.2,319,False,0,False,5,7,Отрицательные,Положительные,Нейтральное,2026-05-17 06:43:01.511496
19,Карьера и образование,Переход на удаленную работу,Вариант_1,True,9.5,347,False,5,True,9,4,Положительные,Отрицательные,Отрицательное,2026-02-10 06:43:01.511575
20,Карьера и образование,Переход на удаленную работу,Вариант_2,True,7.4,289,True,3,True,6,7,Нейтральные,Положительные,Отрицательное,2026-01-30 06:43:01.511653
21,Карьера и образование,Переход на удаленную работу,Вариант_3,True,3.4,273,True,5,False,2,6,Отрицательные,Положительные,Нейтральное,2026-03-15 06:43:01.511728
22,Карьера и образование,Переход на удаленную работу,Вариант_4,False,2.3,116,False,0,True,7,4,Нейтральные,Положительные,Положительное,2025-12-24 06:43:01.511804
23,Карьера и образование,Переход на удаленную работу,Вариант_5,False,6.3,251,True,4,False,10,5,Отрицательные,Нейтральные,Отрицательное,2025-11-15 06:43:01.511878
24,Карьера и образование,Получение дополнительного образования,Вариант_1,True,2.5,200,True,2,False,8,10,Положительные,Нейтральные,Положительное,2026-06-15 06:43:01.511953
25,Карьера и образование,Получение дополнительного образования,Вариант_2,True,6.9,74,False,4,False,1,6,Отрицательные,Положительные,Отрицательное,2026-08-03 06:43:01.512028
26,Карьера и образование,Получение дополнительного образования,Вариант_3,False,7.4,94,False,2,False,9,5,Нейтральные,Нейтральные,Отрицательное,2026-01-21 06:43:01.512111
27,Карьера и образование,Смена карьерного пути,Вариант_1,False,6.7,45,False,3,False,2,2,Положительные,Отрицательные,Положительное,2025-11-12 06:43:01.512283
28,Карьера и образование,Смена карьерного пути,Вариант_2,True,6.2,44,False,4,False,1,7,Отрицательные,Отрицательные,Отрицательное,2025-12-04 06:43:01.512424
29,Карьера и образование,Смена карьерного пути,Вариант_3,False,5.5,351,True,3,True,10,4,Отрицательные,Положительные,Отрицательное,2026-05-01 06:43:01.512515
30,Карьера и образование,Прохождение стажировки,Вариант_1,False,3.2,339,True,4,False,3,9,Положительные,Положительные,Положительное,2026-04-01 06:43:01.512594
31,Карьера и образование,Прохождение стажировки,Вариант_2,True,5.6,27,False,3,False,3,6,Положительные,Нейтральные,Отрицательное,2026-01-31 06:43:01.512670
32,Карьера и образование,Прохождение стажировки,Вариант_3,True,3.6,248,False,2,True,1,10,Нейтральные,Положительные,Нейтральное,2026-08-21 06:43:01.512745
33,Карьера и образование,Прохождение стажировки,Вариант_4,True,9.4,317,False,0,False,1,10,Нейтральные,Нейтральные,Нейтральное,2026-03-26 06:43:01.512821
34,Карьера и образование,Прохождение стажировки,Вариант_5,True,1.0,96,False,2,True,2,7,Нейтральные,Положительные,Положительное,2026-06-23 06:43:01.512897
35,Финансы и инвестиции,Выбор инвестиционного портфеля,Вариант_1,True,4.7,250,True,1,False,4,8,Нейтральные,Нейтральные,Нейтральное,2026-03-31 06:43:01.512971
36,Финансы и инвестиции,Выбор инвестиционного портфеля,Вариант_2,False,9.0,275,False,0,False,8,3,Положительные,Нейтральные,Отрицательное,2026-05-06 06:43:01.513048
37,Финансы и инвестиции,Выбор инвестиционного портфеля,Вариант_3,True,4.2,364,True,0,True,5,1,Положительные,Нейтральные,Нейтральное,2026-03-14 06:43:01.513142
38,Финансы и инвестиции,Выбор инвестиционного портфеля,Вариант_4,True,2.4,102,False,5,False,2,7,Нейтральные,Отрицательные,Нейтральное,2025-11-30 06:43:01.513219
39,Финансы и инвестиции,Покупка недвижимости как инвестиция,Вариант_1,False,7.8,205,False,1,True,2,1,Положительные,Положительные,Нейтральное,2026-06-09 06:43:01.513295
40,Финансы и инвестиции,Покупка недвижимости как инвестиция,Вариант_2,True,7.9,122,True,5,False,7,10,Отрицательные,Положительные,Нейтральное,2026-05-29 06:43:01.513415
41,Финансы и инвестиции,Покупка недвижимости как инвестиция,Вариант_3,False,3.5,43,False,1,True,9,3,Положительные,Нейтральные,Положительное,2026-02-07 06:43:01.513504
42,Финансы и инвестиции,Создание финансового резерва,Вариант_1,True,7.0,220,True,3,True,9,10,Положительные,Положительные,Отрицательное,2026-08-14 06:43:01.513583
43,Финансы и инвестиции,Создание финансового резерва,Вариант_2,True,3.1,68,False,0,False,4,3,Нейтральные,Положительные,Отрицательное,2026-01-06 06:43:01.513674
44,Финансы и инвестиции,Создание финансового резерва,Вариант_3,True,8.8,195,False,4,False,4,4,Нейтральные,Нейтральные,Нейтральное,2025-10-27 06:43:01.513751
45,Финансы и инвестиции,Создание финансового резерва,Вариант_4,False,6.8,156,True,2,False,5,6,Отрицательные,Нейтральные,Положительное,2026-03-08 06:43:01.513823
46,Финансы и инвестиции,Выбор банка для депозита,Вариант_1,True,2.6,1,True,5,False,4,5,Нейтральные,Нейтральные,Отрицательное,2025-11-16 06:43:01.513895
47,Финансы и инвестиции,Выбор банка для депозита,Вариант_2,False,2.7,252,False,2,False,2,2,Отрицательные,Положительные,Отрицательное,2026-07-05 06:43:01.513978
48,Финансы и инвестиции,Выбор банка для депозита,Вариант_3,True,4.0,186,False,1,False,4,10,Нейтральные,Положительные,Положительное,2025-12-01 06:43:01.514054
49,Финансы и инвестиции,Страхование жизни,Вариант_1,True,1.4,336,True,1,False,2,2,Отрицательные,Отрицательные,Нейтральное,2026-02-27 06:43:01.514145
50,Финансы и инвестиции,Страхование жизни,Вариант_2,False,9.9,104,True,0,True,4,7,Отрицательные,Отрицательные,Нейтральное,2026-07-09 06:43:01.514221
51,Финансы и инвестиции,Страхование жизни,Вариант_3,False,9.1,230,True,3,True,8,7,Отрицательные,Отрицательные,Положительное,2025-12-20 06:43:01.514319
52,Финансы и инвестиции,Планирование пенсии,Вариант_1,False,7.3,67,False,0,True,4,7,Нейтральные,Отрицательные,Отрицательное,2026-06-15 06:43:01.514453
53,Финансы и инвестиции,Планирование пенсии,Вариант_2,True,2.5,261,False,4,False,7,10,Нейтральные,Положительные,Положительное,2025-09-27 06:43:01.514533
54,Финансы и инвестиции,Планирование пенсии,Вариант_3,True,6.1,304,True,4,False,9,9,Нейтральные,Нейтральные,Положительное,2026-02-24 06:43:01.514608
55,Финансы и инвестиции,Взятие кредита,Вариант_1,False,6.0,88,True,0,True,5,1,Отрицательные,Положительные,Нейтральное,2025-12-03 06:43:01.514782
56,Финансы и инвестиции,Взятие кредита,Вариант_2,False,8.9,27,True,1,True,1,6,Отрицательные,Отрицательные,Нейтральное,2026-03-11 06:43:01.514861
57,Финансы и инвестиции,Взятие кредита,Вариант_3,True,9.5,282,False,5,True,7,10,Нейтральные,Нейтральные,Положительное,2026-08-12 06:43:01.514942
58,Финансы и инвестиции,Взятие кредита,Вариант_4,True,8.4,113,False,1,False,1,9,Отрицательные,Отрицательные,Положительное,2026-04-09 06:43:01.515019
59,Финансы и инвестиции,Взятие кредита,Вариант_5,False,8.8,325,True,3,True,6,5,Положительные,Отрицательные,Отрицательное,2026-04-16 06:43:01.515094
60,Финансы и инвестиции,Инвестиции в образование,Вариант_1,True,5.0,223,False,1,False,2,8,Положительные,Нейтральные,Положительное,2025-12-25 06:43:01.515185
61,Финансы и инвестиции,Инвестиции в образование,Вариант_2,True,6.1,93,False,0,False,3,3,Нейтральные,Отрицательные,Отрицательное,2025-12-31 06:43:01.515258
62,Финансы и инвестиции,Инвестиции в образование,Вариант_3,True,2.3,219,True,3,False,2,9,Положительные,Отрицательные,Положительное,2026-07-31 06:43:01.515332
63,Финансы и инвестиции,Инвестиции в образование,Вариант_4,True,4.4,11,True,0,True,3,4,Положительные,Нейтральные,Положительное,2026-08-13 06:43:01.515466
64,Финансы и инвестиции,Инвестиции в образование,Вариант_5,True,8.1,5,True,4,False,2,4,Положительные,Нейтральные,Отрицательное,2026-05-11 06:43:01.515543
65,Отношения и семья,Заключение брака,Вариант_1,True,3.8,246,True,1,True,9,5,Отрицательные,Отрицательные,Положительное,2025-10-06 06:43:01.515629
66,Отношения и семья,Заключение брака,Вариант_2,True,1.9,152,True,4,False,3,1,Положительные,Положительные,Положительное,2026-05-02 06:43:01.515701
67,Отношения и семья,Заключение брака,Вариант_3,False,2.3,336,False,1,False,2,8,Положительные,Положительные,Положительное,2025-11-17 06:43:01.515777
68,Отношения и семья,Планирование детей,Вариант_1,False,4.2,316,False,0,False,2,1,Отрицательные,Положительные,Положительное,2026-05-03 06:43:01.515849
69,Отношения и семья,Планирование детей,Вариант_2,False,6.4,348,False,1,False,10,5,Нейтральные,Положительные,Нейтральное,2026-06-08 06:43:01.515919
70,Отношения и семья,Планирование детей,Вариант_3,False,9.4,365,True,0,True,3,6,Положительные,Нейтральные,Нейтральное,2026-05-28 06:43:01.515990
71,Отношения и семья,Переезд к партнеру,Вариант_1,True,2.0,219,False,1,True,6,3,Положительные,Нейтральные,Нейтральное,2026-03-08 06:43:01.516060
72,Отношения и семья,Переезд к партнеру,Вариант_2,False,4.8,356,False,4,False,3,4,Нейтральные,Нейтральные,Отрицательное,2026-06-07 06:43:01.516202
73,Отношения и семья,Переезд к партнеру,Вариант_3,False,5.8,118,False,0,False,9,10,Отрицательные,Отрицательные,Положительное,2025-11-09 06:43:01.516304
74,Отношения и семья,Переезд к партнеру,Вариант_4,True,4.3,105,True,2,False,3,2,Положительные,Нейтральные,Нейтральное,2025-12-06 06:43:01.516424
75,Отношения и семья,Переезд к партнеру,Вариант_5,False,5.1,283,False,1,True,4,1,Отрицательные,Положительные,Положительное,2025-12-08 06:43:01.516507
76,Отношения и семья,Развод или расставание,Вариант_1,False,7.6,357,False,2,True,2,10,Положительные,Нейтральные,Отрицательное,2025-12-15 06:43:01.516579
77,Отношения и семья,Развод или расставание,Вариант_2,True,2.3,73,True,1,True,1,10,Нейтральные,Положительные,Положительное,2026-05-24 06:43:01.516657
78,Отношения и семья,Развод или расставание,Вариант_3,True,7.7,358,False,3,False,6,8,Отрицательные,Отрицательные,Положительное,2026-02-19 06:43:01.516898
79,Отношения и семья,Развод или расставание,Вариант_4,True,2.4,329,True,4,True,9,3,Положительные,Нейтральные,Нейтральное,2026-05-16 06:43:01.516979
80,Отношения и семья,Развод или расставание,Вариант_5,False,9.3,257,False,5,True,7,3,Нейтральные,Положительные,Отрицательное,2026-04-07 06:43:01.517061
81,Отношения и семья,Знакомство с новым партнером,Вариант_1,True,7.7,206,True,1,False,3,9,Отрицательные,Положительные,Отрицательное,2026-05-23 06:43:01.517151
82,Отношения и семья,Знакомство с новым партнером,Вариант_2,False,3.8,329,False,3,True,1,6,Отрицательные,Нейтральные,Положительное,2026-02-11 06:43:01.517224
83,Отношения и семья,Знакомство с новым партнером,Вариант_3,True,1.9,186,False,0,True,5,3,Отрицательные,Положительные,Положительное,2026-01-12 06:43:01.517294
84,Отношения и семья,Знакомство с новым партнером,Вариант_4,True,7.8,159,True,4,True,1,4,Нейтральные,Положительные,Отрицательное,2026-07-12 06:43:01.517409
85,Отношения и семья,Совместный бюджет,Вариант_1,True,6.1,248,True,0,False,2,5,Положительные,Нейтральные,Нейтральное,2026-04-17 06:43:01.517495
86,Отношения и семья,Совместный бюджет,Вариант_2,True,3.8,201,False,1,True,6,7,Отрицательные,Отрицательные,Положительное,2026-06-10 06:43:01.517567
87,Отношения и семья,Совместный бюджет,Вариант_3,True,1.2,196,False,4,True,5,3,Положительные,Отрицательные,Нейтральное,2025-11-05 06:43:01.517647
88,Отношения и семья,Совместный бюджет,Вариант_4,True,9.6,119,True,5,True,3,9,Отрицательные,Отрицательные,Отрицательное,2026-08-25 06:43:01.517720
89,Отношения и семья,Совместный бюджет,Вариант_5,False,5.0,68,False,2,False,10,7,Положительные,Отрицательные,Отрицательное,2026-04-12 06:43:01.517791
90,Отношения и семья,Уход за пожилыми родителями,Вариант_1,True,2.9,313,True,1,False,2,1,Положительные,Нейтральные,Отрицательное,2025-11-09 06:43:01.517881
91,Отношения и семья,Уход за пожилыми родителями,Вариант_2,False,1.8,161,True,2,True,2,5,Отрицательные,Нейтральные,Нейтральное,2025-11-10 06:43:01.517954
92,Отношения и семья,Уход за пожилыми родителями,Вариант_3,True,2.6,236,False,3,False,8,3,Положительные,Отрицательные,Нейтральное,2025-10-16 06:43:01.518029
93,Отношения и семья,Выбор образования для детей,Вариант_1,False,8.7,206,False,4,True,8,6,Отрицательные,Отрицательные,Нейтральное,2026-04-05 06:43:01.518109
94,Отношения и семья,Выбор образования для детей,Вариант_2,True,7.1,260,False,2,True,10,1,Отрицательные,Положительные,Отрицательное,2026-07-10 06:43:01.518187
95,Отношения и семья,Выбор образования для детей,Вариант_3,True,2.4,54,False,3,True,10,7,Положительные,Положительные,Нейтральное,2026-05-20 06:43:01.518261
96,Здоровье и фитнес,Выбор спортивного зала,Вариант_1,True,4.1,240,False,0,True,3,2,Нейтральные,Нейтральные,Положительное,2026-04-19 06:43:01.518406
97,Здоровье и фитнес,Выбор спортивного зала,Вариант_2,False,1.6,176,False,1,False,2,5,Нейтральные,Положительные,Отрицательное,2025-12-14 06:43:01.518525
98,Здоровье и фитнес,Выбор спортивного зала,Вариант_3,False,2.3,110,False,4,True,10,7,Положительные,Нейтральные,Нейтральное,2026-05-26 06:43:01.518605
99,Здоровье и фитнес,Смена диеты,Вариант_1,True,1.5,12,False,2,False,3,2,Положительные,Положительные,Нейтральное,2026-04-21 06:43:01.518680
100,Здоровье и фитнес,Смена диеты,Вариант_2,True,3.7,365,False,3,True,5,3,Положительные,Положительные,Нейтральное,2026-03-20 06:43:01.518753
101,Здоровье и фитнес,Смена диеты,Вариант_3,False,2.5,179,False,3,False,9,3,Отрицательные,Нейтральные,Нейтральное,2026-07-15 06:43:01.518826
102,Здоровье и фитнес,Смена диеты,Вариант_4,False,8.4,288,True,0,True,6,6,Положительные,Положительные,Нейтральное,2025-12-10 06:43:01.518901
103,Здоровье и фитнес,Смена диеты,Вариант_5,False,8.8,59,False,2,True,8,3,Отрицательные,Нейтральные,Отрицательное,2026-07-19 06:43:01.518974
104,Здоровье и фитнес,Лечение у врача,Вариант_1,True,1.3,97,False,5,True,10,7,Положительные,Нейтральные,Положительное,2026-01-01 06:43:01.519047
105,Здоровье и фитнес,Лечение у врача,Вариант_2,True,4.3,187,True,2,False,9,2,Отрицательные,Нейтральные,Отрицательное,2026-05-17 06:43:01.519131
106,Здоровье и фитнес,Лечение у врача,Вариант_3,False,4.7,181,False,4,False,2,3,Нейтральные,Нейтральные,Нейтральное,2025-12-25 06:43:01.519207
107,Здоровье и фитнес,Профилактические обследования,Вариант_1,True,5.9,196,False,5,False,5,10,Положительные,Положительные,Положительное,2025-11-10 06:43:01.519290
108,Здоровье и фитнес,Профилактические обследования,Вариант_2,True,6.5,211,True,3,True,8,9,Отрицательные,Положительные,Отрицательное,2026-02-21 06:43:01.519423
109,Здоровье и фитнес,Профилактические обследования,Вариант_3,False,2.9,233,False,0,True,8,2,Нейтральные,Нейтральные,Нейтральное,2026-08-22 06:43:01.519530
110,Здоровье и фитнес,Отказ от вредных привычек,Вариант_1,False,1.1,192,True,4,False,5,5,Нейтральные,Нейтральные,Отрицательное,2026-01-27 06:43:01.519610
111,Здоровье и фитнес,Отказ от вредных привычек,Вариант_2,True,9.1,213,True,0,True,3,6,Отрицательные,Отрицательные,Отрицательное,2026-03-07 06:43:01.519685
112,Здоровье и фитнес,Отказ от вредных привычек,Вариант_3,False,2.5,293,False,1,False,4,10,Отрицательные,Нейтральные,Положительное,2026-07-18 06:43:01.519865
113,Здоровье и фитнес,Отказ от вредных привычек,Вариант_4,False,2.2,326,False,5,True,7,6,Отрицательные,Положительные,Нейтральное,2026-01-22 06:43:01.519943
114,Здоровье и фитнес,Отказ от вредных привычек,Вариант_5,True,7.4,65,True,5,False,5,9,Положительные,Нейтральные,Положительное,2025-11-12 06:43:01.520017
115,Здоровье и фитнес,Выбор медицинской страховки,Вариант_1,True,1.2,6,True,0,True,10,7,Положительные,Отрицательные,Отрицательное,2025-12-01 06:43:01.520090
116,Здоровье и фитнес,Выбор медицинской страховки,Вариант_2,False,6.7,184,True,1,True,5,4,Отрицательные,Положительные,Отрицательное,2026-04-07 06:43:01.520285
117,Здоровье и фитнес,Выбор медицинской страховки,Вариант_3,False,6.9,141,True,1,True,10,2,Положительные,Нейтральные,Отрицательное,2025-11-27 06:43:01.520430
118,Здоровье и фитнес,Выбор медицинской страховки,Вариант_4,True,2.3,135,True,0,True,8,6,Положительные,Нейтральные,Положительное,2026-06-04 06:43:01.520522
119,Здоровье и фитнес,Выбор медицинской страховки,Вариант_5,True,4.7,250,True,1,False,7,6,Отрицательные,Нейтральные,Положительное,2025-12-27 06:43:01.520597
120,Здоровье и фитнес,Хирургическое вмешательство,Вариант_1,False,1.1,92,True,0,False,6,8,Отрицательные,Отрицательные,Отрицательное,2025-09-28 06:43:01.520673
121,Здоровье и фитнес,Хирургическое вмешательство,Вариант_2,True,5.7,131,True,1,True,9,1,Отрицательные,Отрицательные,Положительное,2026-01-14 06:43:01.520747
122,Здоровье и фитнес,Хирургическое вмешательство,Вариант_3,False,2.0,112,True,2,True,4,2,Отрицательные,Отрицательные,Положительное,2026-02-10 06:43:01.520821
123,Здоровье и фитнес,Хирургическое вмешательство,Вариант_4,False,5.3,48,False,5,False,8,8,Нейтральные,Отрицательные,Нейтральное,2026-01-02 06:43:01.520895
124,Здоровье и фитнес,Психологическая терапия,Вариант_1,False,2.6,352,False,3,True,10,10,Нейтральные,Положительные,Положительное,2026-06-02 06:43:01.520968
125,Здоровье и фитнес,Психологическая терапия,Вариант_2,False,8.9,217,False,2,True,10,7,Нейтральные,Положительные,Отрицательное,2026-03-25 06:43:01.521041
126,Здоровье и фитнес,Психологическая терапия,Вариант_3,False,9.1,33,False,1,True,9,5,Отрицательные,Нейтральные,Нейтральное,2026-08-01 06:43:01.521125
127,Здоровье и фитнес,Психологическая терапия,Вариант_4,False,4.6,59,True,2,False,3,6,Положительные,Положительные,Положительное,2026-04-04 06:43:01.521208
128,Жильё и недвижимость,Покупка квартиры,Вариант_1,False,2.3,161,True,0,False,1,6,Положительные,Нейтральные,Отрицательное,2026-03-09 06:43:01.521282
129,Жильё и недвижимость,Покупка квартиры,Вариант_2,True,6.1,198,False,4,True,9,4,Положительные,Отрицательные,Нейтральное,2026-08-03 06:43:01.521397
130,Жильё и недвижимость,Покупка квартиры,Вариант_3,True,6.2,331,False,5,False,6,6,Положительные,Положительные,Положительное,2026-06-05 06:43:01.521494
131,Жильё и недвижимость,Покупка квартиры,Вариант_4,False,1.4,141,False,0,True,8,3,Отрицательные,Нейтральные,Отрицательное,2026-04-10 06:43:01.521570
132,Жильё и недвижимость,Аренда жилья,Вариант_1,True,6.2,146,True,5,True,8,5,Положительные,Нейтральные,Положительное,2026-06-26 06:43:01.521645
133,Жильё и недвижимость,Аренда жилья,Вариант_2,True,4.0,9,True,3,True,7,5,Нейтральные,Нейтральные,Нейтральное,2026-04-18 06:43:01.521719
134,Жильё и недвижимость,Аренда жилья,Вариант_3,True,6.0,161,False,4,True,7,5,Отрицательные,Нейтральные,Нейтральное,2026-08-20 06:43:01.521791
135,Жильё и недвижимость,Переезд в другой город,Вариант_1,True,8.6,317,True,0,True,1,1,Положительные,Положительные,Нейтральное,2026-05-07 06:43:01.521864
136,Жильё и недвижимость,Переезд в другой город,Вариант_2,True,2.5,98,False,4,True,1,5,Положительные,Положительные,Положительное,2026-02-28 06:43:01.521946
137,Жильё и недвижимость,Переезд в другой город,Вариант_3,True,3.4,353,False,2,True,3,10,Нейтральные,Положительные,Положительное,2026-03-08 06:43:01.522025
138,Жильё и недвижимость,Ремонт квартиры,Вариант_1,True,7.8,212,False,5,True,9,9,Положительные,Отрицательные,Нейтральное,2026-06-03 06:43:01.522109
139,Жильё и недвижимость,Ремонт квартиры,Вариант_2,False,3.9,248,True,0,False,5,2,Нейтральные,Отрицательные,Положительное,2026-08-23 06:43:01.522185
140,Жильё и недвижимость,Ремонт квартиры,Вариант_3,True,7.3,39,False,0,True,1,4,Нейтральные,Нейтральные,Положительное,2026-06-02 06:43:01.522258
141,Жильё и недвижимость,Выбор районa,Вариант_1,True,4.1,303,False,2,False,3,9,Положительные,Положительные,Положительное,2026-03-31 06:43:01.522332
142,Жильё и недвижимость,Выбор районa,Вариант_2,False,9.8,318,True,3,True,2,5,Нейтральные,Положительные,Отрицательное,2026-03-02 06:43:01.522463
143,Жильё и недвижимость,Выбор районa,Вариант_3,True,2.3,55,True,1,True,8,3,Нейтральные,Положительные,Нейтральное,2026-06-24 06:43:01.522540
144,Жильё и недвижимость,Совместное проживание,Вариант_1,False,4.2,61,True,2,False,4,3,Нейтральные,Отрицательные,Нейтральное,2026-06-13 06:43:01.522614
145,Жильё и недвижимость,Совместное проживание,Вариант_2,False,1.5,140,False,0,True,7,7,Положительные,Нейтральные,Положительное,2026-04-20 06:43:01.522688
146,Жильё и недвижимость,Совместное проживание,Вариант_3,True,6.3,272,False,4,False,2,1,Отрицательные,Положительные,Положительное,2026-01-16 06:43:01.522760
147,Жильё и недвижимость,Совместное проживание,Вариант_4,True,1.5,19,False,1,True,9,2,Нейтральные,Положительные,Отрицательное,2026-04-21 06:43:01.522841
148,Жильё и недвижимость,Покупка дачи,Вариант_1,False,4.5,113,False,3,True,3,4,Нейтральные,Отрицательные,Нейтральное,2026-07-28 06:43:01.522916
149,Жильё и недвижимость,Покупка дачи,Вариант_2,False,7.6,49,True,4,False,5,4,Положительные,Нейтральные,Отрицательное,2025-10-31 06:43:01.522988
150,Жильё и недвижимость,Покупка дачи,Вариант_3,True,2.7,234,True,0,False,7,6,Положительные,Положительные,Нейтральное,2025-11-04 06:43:01.523068
151,Жильё и недвижимость,Покупка дачи,Вариант_4,True,7.1,5,False,3,True,8,4,Нейтральные,Положительные,Положительное,2025-10-04 06:43:01.523154
152,Жильё и недвижимость,Покупка дачи,Вариант_5,False,8.5,269,True,1,True,2,5,Отрицательные,Нейтральные,Нейтральное,2026-06-04 06:43:01.523229
153,Жильё и недвижимость,Смена жилплощади,Вариант_1,False,9.9,132,False,2,False,8,1,Нейтральные,Нейтральные,Отрицательное,2026-03-15 06:43:01.523302
154,Жильё и недвижимость,Смена жилплощади,Вариант_2,False,2.0,352,True,1,False,4,3,Нейтральные,Нейтральные,Положительное,2026-01-29 06:43:01.523425
155,Жильё и недвижимость,Смена жилплощади,Вариант_3,False,4.2,46,True,3,True,5,9,Нейтральные,Отрицательные,Положительное,2026-02-08 06:43:01.523513
156,Жильё и недвижимость,Смена жилплощади,Вариант_4,False,9.0,201,False,2,False,4,1,Отрицательные,Отрицательные,Отрицательное,2026-03-20 06:43:01.523589
157,Жильё и недвижимость,Смена жилплощади,Вариант_5,True,4.9,233,False,2,True,1,8,Отрицательные,Положительные,Нейтральное,2025-12-11 06:43:01.523673
158,Путешествия и отдых,Выбор места для отпуска,Вариант_1,False,6.6,341,True,2,False,5,2,Нейтральные,Положительные,Нейтральное,2025-10-16 06:43:01.523750
159,Путешествия и отдых,Выбор места для отпуска,Вариант_2,True,3.5,304,True,0,False,5,1,Нейтральные,Нейтральные,Отрицательное,2025-09-26 06:43:01.523822
160,Путешествия и отдых,Выбор места для отпуска,Вариант_3,True,3.3,180,False,4,True,2,5,Положительные,Отрицательные,Положительное,2026-05-05 06:43:01.523896
161,Путешествия и отдых,Выбор места для отпуска,Вариант_4,True,3.6,17,False,2,True,7,7,Нейтральные,Положительные,Нейтральное,2026-02-27 06:43:01.523969
162,Путешествия и отдых,Выбор места для отпуска,Вариант_5,False,2.6,224,False,4,True,4,5,Положительные,Нейтральные,Отрицательное,2026-01-06 06:43:01.524043
163,Путешествия и отдых,Планирование выходных,Вариант_1,False,3.7,153,False,4,True,7,7,Положительные,Положительные,Отрицательное,2026-05-10 06:43:01.524125
164,Путешествия и отдых,Планирование выходных,Вариант_2,False,5.5,351,False,3,False,7,8,Нейтральные,Нейтральные,Нейтральное,2025-10-10 06:43:01.524293
165,Путешествия и отдых,Планирование выходных,Вариант_3,True,9.6,216,True,1,False,4,10,Отрицательные,Нейтральные,Положительное,2026-08-09 06:43:01.524422
166,Путешествия и отдых,Деловая поездка,Вариант_1,False,1.5,202,True,3,True,8,9,Нейтральные,Положительные,Положительное,2025-10-24 06:43:01.524510
167,Путешествия и отдых,Деловая поездка,Вариант_2,False,8.5,333,True,2,True,5,10,Нейтральные,Отрицательные,Нейтральное,2025-10-27 06:43:01.524598
168,Путешествия и отдых,Деловая поездка,Вариант_3,True,7.7,346,True,5,True,9,3,Отрицательные,Отрицательные,Нейтральное,2025-12-04 06:43:01.524675
169,Путешествия и отдых,Деловая поездка,Вариант_4,True,9.1,328,True,2,False,1,8,Отрицательные,Отрицательные,Положительное,2025-11-23 06:43:01.524750
170,Путешествия и отдых,Деловая поездка,Вариант_5,True,1.0,310,True,4,True,4,4,Положительные,Нейтральные,Положительное,2026-06-11 06:43:01.524824
171,Путешествия и отдых,Путешествие с семьей,Вариант_1,False,4.5,63,False,3,False,3,4,Отрицательные,Нейтральные,Отрицательное,2026-05-08 06:43:01.524899
172,Путешествия и отдых,Путешествие с семьей,Вариант_2,True,4.9,326,True,1,True,4,3,Отрицательные,Отрицательные,Отрицательное,2026-07-02 06:43:01.524973
173,Путешествия и отдых,Путешествие с семьей,Вариант_3,True,5.3,149,False,5,True,10,8,Нейтральные,Отрицательные,Нейтральное,2026-04-14 06:43:01.525046
174,Путешествия и отдых,Путешествие с семьей,Вариант_4,False,7.3,55,False,3,False,3,1,Нейтральные,Нейтральные,Положительное,2026-07-11 06:43:01.525131
175,Путешествия и отдых,Одиночное путешествие,Вариант_1,False,1.1,156,True,5,False,1,6,Положительные,Нейтральные,Отрицательное,2026-05-18 06:43:01.525208
176,Путешествия и отдых,Одиночное путешествие,Вариант_2,False,1.1,82,False,4,True,6,9,Нейтральные,Отрицательные,Положительное,2025-12-24 06:43:01.525424
177,Путешествия и отдых,Одиночное путешествие,Вариант_3,True,4.2,289,False,3,True,5,5,Нейтральные,Положительные,Отрицательное,2026-05-31 06:43:01.525526
178,Путешествия и отдых,Одиночное путешествие,Вариант_4,False,9.7,311,True,4,False,3,6,Отрицательные,Отрицательные,Нейтральное,2026-07-22 06:43:01.525605
179,Путешествия и отдых,Активный или пассивный отдых,Вариант_1,False,1.6,16,True,1,True,2,8,Отрицательные,Нейтральные,Нейтральное,2026-01-22 06:43:01.525679
180,Путешествия и отдых,Активный или пассивный отдых,Вариант_2,True,1.9,90,False,3,True,1,10,Нейтральные,Положительные,Положительное,2025-11-02 06:43:01.525755
181,Путешествия и отдых,Активный или пассивный отдых,Вариант_3,False,7.9,311,True,1,False,2,8,Нейтральные,Положительные,Отрицательное,2026-07-16 06:43:01.525837
182,Путешествия и отдых,Активный или пассивный отдых,Вариант_4,True,2.8,252,False,5,False,4,4,Отрицательные,Положительные,Нейтральное,2026-06-23 06:43:01.525911
183,Путешествия и отдых,Активный или пассивный отдых,Вариант_5,True,1.8,13,True,1,True,3,1,Нейтральные,Нейтральные,Отрицательное,2026-07-02 06:43:01.525985
184,Путешествия и отдых,Заграничная поездка,Вариант_1,True,4.1,350,False,1,True,10,8,Отрицательные,Нейтральные,Нейтральное,2026-08-08 06:43:01.526058
185,Путешествия и отдых,Заграничная поездка,Вариант_2,True,8.2,225,False,5,False,2,10,Положительные,Положительные,Отрицательное,2026-02-25 06:43:01.526142
186,Путешествия и отдых,Заграничная поездка,Вариант_3,True,2.1,119,True,4,False,1,4,Нейтральные,Нейтральные,Нейтральное,2026-03-28 06:43:01.526216
187,Путешествия и отдых,Заграничная поездка,Вариант_4,True,8.9,81,False,0,True,9,10,Отрицательные,Нейтральные,Нейтральное,2026-08-08 06:43:01.526444
188,Путешествия и отдых,Заграничная поездка,Вариант_5,True,5.9,57,False,2,True,1,6,Нейтральные,Нейтральные,Положительное,2026-03-16 06:43:01.526538
189,Путешествия и отдых,Экскурсионный тур,Вариант_1,True,2.3,281,False,5,True,4,8,Положительные,Отрицательные,Отрицательное,2025-10-14 06:43:01.526614
190,Путешествия и отдых,Экскурсионный тур,Вариант_2,False,9.8,214,True,4,False,3,5,Отрицательные,Положительные,Положительное,2025-10-14 06:43:01.526688
191,Путешествия и отдых,Экскурсионный тур,Вариант_3,False,5.6,333,False,3,False,5,4,Положительные,Положительные,Положительное,2026-01-04 06:43:01.526761
192,Покупки и потребление,Покупка автомобиля,Вариант_1,False,7.1,10,False,0,False,7,3,Нейтральные,Отрицательные,Нейтральное,2026-07-04 06:43:01.526834
193,Покупки и потребление,Покупка автомобиля,Вариант_2,True,2.0,61,False,2,True,6,7,Положительные,Положительные,Положительное,2025-11-12 06:43:01.526935
194,Покупки и потребление,Покупка автомобиля,Вариант_3,True,3.0,275,True,0,True,1,2,Положительные,Положительные,Нейтральное,2025-12-27 06:43:01.527010
195,Покупки и потребление,Выбор смартфона,Вариант_1,False,1.4,180,True,2,True,10,7,Нейтральные,Отрицательные,Положительное,2025-11-04 06:43:01.527083
196,Покупки и потребление,Выбор смартфона,Вариант_2,True,3.3,279,True,3,False,4,8,Отрицательные,Нейтральные,Нейтральное,2026-07-05 06:43:01.527166
197,Покупки и потребление,Выбор смартфона,Вариант_3,False,8.8,126,False,2,True,1,6,Нейтральные,Отрицательные,Отрицательное,2026-06-01 06:43:01.527246
198,Покупки и потребление,Выбор смартфона,Вариант_4,False,1.7,71,True,2,True,2,6,Отрицательные,Положительные,Положительное,2026-01-24 06:43:01.527321
199,Покупки и потребление,Выбор смартфона,Вариант_5,False,6.8,233,True,0,False,1,5,Нейтральные,Отрицательные,Нейтральное,2026-02-26 06:43:01.527449
200,Покупки и потребление,Покупка одежды,Вариант_1,True,1.5,313,False,3,True,7,7,Нейтральные,Положительные,Положительное,2026-01-09 06:43:01.527529
201,Покупки и потребление,Покупка одежды,Вариант_2,False,2.7,221,True,5,False,1,9,Нейтральные,Положительные,Отрицательное,2026-03-17 06:43:01.527604
202,Покупки и потребление,Покупка одежды,Вариант_3,False,8.3,303,True,0,False,10,7,Нейтральные,Отрицательные,Отрицательное,2025-10-25 06:43:01.527680
203,Покупки и потребление,Покупка одежды,Вариант_4,True,6.0,348,False,4,False,7,10,Отрицательные,Отрицательные,Отрицательное,2026-02-06 06:43:01.527754
204,Покупки и потребление,Покупка одежды,Вариант_5,True,9.6,240,True,1,True,5,5,Положительные,Положительные,Отрицательное,2026-02-24 06:43:01.527829
205,Покупки и потребление,Выбор продуктов питания,Вариант_1,False,6.1,20,False,2,False,5,10,Положительные,Положительные,Нейтральное,2026-07-14 06:43:01.527902
206,Покупки и потребление,Выбор продуктов питания,Вариант_2,False,8.5,92,False,3,True,8,1,Нейтральные,Положительные,Нейтральное,2026-05-29 06:43:01.527977
207,Покупки и потребление,Выбор продуктов питания,Вариант_3,True,4.7,297,True,2,False,2,8,Положительные,Нейтральные,Нейтральное,2026-02-05 06:43:01.528057
208,Покупки и потребление,Выбор продуктов питания,Вариант_4,False,2.1,323,True,1,True,4,2,Отрицательные,Положительные,Положительное,2026-06-12 06:43:01.528231
209,Покупки и потребление,Подписка на сервисы,Вариант_1,False,6.2,22,True,0,False,5,1,Отрицательные,Нейтральные,Отрицательное,2025-10-18 06:43:01.528374
210,Покупки и потребление,Подписка на сервисы,Вариант_2,True,4.1,40,False,0,True,4,4,Нейтральные,Отрицательные,Нейтральное,2026-04-26 06:43:01.528473
211,Покупки и потребление,Подписка на сервисы,Вариант_3,True,6.8,145,True,0,False,10,6,Нейтральные,Нейтральные,Отрицательное,2026-04-05 06:43:01.528556
212,Покупки и потребление,Подписка на сервисы,Вариант_4,False,9.5,151,True,1,False,1,5,Положительные,Отрицательные,Положительное,2025-11-19 06:43:01.528634
213,Покупки и потребление,Подписка на сервисы,Вариант_5,True,8.3,262,False,1,False,10,1,Отрицательные,Отрицательные,Положительное,2026-04-09 06:43:01.528712
214,Покупки и потребление,Покупка бытовой техники,Вариант_1,True,9.6,115,False,4,True,9,1,Отрицательные,Нейтральные,Отрицательное,2026-06-21 06:43:01.528789
215,Покупки и потребление,Покупка бытовой техники,Вариант_2,False,3.9,100,False,1,False,4,6,Положительные,Нейтральные,Нейтральное,2025-11-24 06:43:01.528865
216,Покупки и потребление,Покупка бытовой техники,Вариант_3,True,5.0,210,False,0,False,9,9,Положительные,Нейтральные,Отрицательное,2026-05-31 06:43:01.528941
217,Покупки и потребление,Выбор подарка,Вариант_1,True,5.0,215,True,4,True,9,4,Нейтральные,Отрицательные,Отрицательное,2025-12-05 06:43:01.529024
218,Покупки и потребление,Выбор подарка,Вариант_2,False,8.2,175,False,0,True,7,7,Отрицательные,Положительные,Отрицательное,2026-06-06 06:43:01.529110
219,Покупки и потребление,Выбор подарка,Вариант_3,True,9.1,233,True,1,True,7,5,Отрицательные,Отрицательные,Нейтральное,2025-11-16 06:43:01.529189
220,Покупки и потребление,Выбор подарка,Вариант_4,True,8.8,221,True,5,True,2,3,Отрицательные,Отрицательные,Нейтральное,2026-04-30 06:43:01.529263
221,Покупки и потребление,Онлайн или офлайн покупки,Вариант_1,False,2.1,357,True,5,False,2,6,Нейтральные,Отрицательные,Отрицательное,2026-08-07 06:43:01.529373
222,Покупки и потребление,Онлайн или офлайн покупки,Вариант_2,True,9.9,24,True,5,False,8,7,Отрицательные,Нейтральные,Отрицательное,2026-05-07 06:43:01.529489
223,Покупки и потребление,Онлайн или офлайн покупки,Вариант_3,False,7.8,359,True,5,True,10,9,Положительные,Положительные,Положительное,2026-07-26 06:43:01.529568
224,Покупки и потребление,Онлайн или офлайн покупки,Вариант_4,False,7.1,233,False,2,False,3,9,Отрицательные,Отрицательные,Нейтральное,2025-11-14 06:43:01.529643
225,Покупки и потребление,Онлайн или офлайн покупки,Вариант_5,True,3.7,175,True,4,False,5,6,Нейтральные,Нейтральные,Положительное,2025-12-08 06:43:01.529719
226,Социальная жизнь,Выбор круга общения,Вариант_1,True,8.3,108,False,4,False,10,10,Нейтральные,Положительные,Нейтральное,2026-02-18 06:43:01.529794
227,Социальная жизнь,Выбор круга общения,Вариант_2,True,2.1,141,False,3,True,3,5,Нейтральные,Отрицательные,Положительное,2026-01-22 06:43:01.529950
228,Социальная жизнь,Выбор круга общения,Вариант_3,False,2.3,106,True,0,True,9,9,Положительные,Положительные,Нейтральное,2025-10-09 06:43:01.530039
229,Социальная жизнь,Выбор круга общения,Вариант_4,False,2.8,293,False,5,False,9,3,Нейтральные,Нейтральные,Положительное,2025-11-26 06:43:01.530124
230,Социальная жизнь,Выбор круга общения,Вариант_5,False,9.0,253,False,0,True,5,2,Нейтральные,Положительные,Отрицательное,2026-01-17 06:43:01.530202
231,Социальная жизнь,Участие в мероприятиях,Вариант_1,True,3.9,260,False,2,False,9,2,Отрицательные,Отрицательные,Нейтральное,2025-10-15 06:43:01.530277
232,Социальная жизнь,Участие в мероприятиях,Вариант_2,False,1.9,362,False,1,True,1,4,Положительные,Отрицательные,Нейтральное,2026-01-16 06:43:01.530395
233,Социальная жизнь,Участие в мероприятиях,Вариант_3,True,3.4,78,False,1,False,5,3,Положительные,Отрицательные,Положительное,2026-06-17 06:43:01.530487
234,Социальная жизнь,Конфликт с друзьями,Вариант_1,True,1.0,35,False,4,True,3,1,Нейтральные,Отрицательные,Нейтральное,2026-08-06 06:43:01.530566
235,Социальная жизнь,Конфликт с друзьями,Вариант_2,False,6.7,121,False,3,True,5,4,Нейтральные,Отрицательные,Нейтральное,2026-06-03 06:43:01.530641
236,Социальная жизнь,Конфликт с друзьями,Вариант_3,False,6.4,279,False,2,True,4,2,Нейтральные,Нейтральные,Нейтральное,2026-03-11 06:43:01.530714
237,Социальная жизнь,Конфликт с друзьями,Вариант_4,True,7.0,60,True,3,False,2,6,Отрицательные,Нейтральные,Отрицательное,2025-11-30 06:43:01.530798
238,Социальная жизнь,Конфликт с друзьями,Вариант_5,False,8.6,251,False,5,True,1,5,Нейтральные,Отрицательные,Положительное,2026-04-23 06:43:01.530874
239,Социальная жизнь,Новые знакомства,Вариант_1,True,6.1,166,False,5,False,7,7,Нейтральные,Нейтральные,Нейтральное,2026-02-06 06:43:01.530948
240,Социальная жизнь,Новые знакомства,Вариант_2,True,3.4,113,False,5,True,5,8,Нейтральные,Положительные,Отрицательное,2025-12-20 06:43:01.531026
241,Социальная жизнь,Новые знакомства,Вариант_3,True,8.0,57,False,1,True,1,7,Положительные,Отрицательные,Нейтральное,2026-03-25 06:43:01.531118
242,Социальная жизнь,Новые знакомства,Вариант_4,True,6.9,266,True,2,True,3,9,Нейтральные,Отрицательные,Положительное,2026-02-21 06:43:01.531195
243,Социальная жизнь,Новые знакомства,Вариант_5,True,9.2,170,False,1,True,1,1,Положительные,Отрицательные,Положительное,2026-06-09 06:43:01.531268
244,Социальная жизнь,Социальные сети,Вариант_1,False,8.1,22,True,2,False,1,4,Отрицательные,Отрицательные,Положительное,2025-10-13 06:43:01.531379
245,Социальная жизнь,Социальные сети,Вариант_2,False,7.7,194,False,1,False,2,2,Положительные,Отрицательные,Отрицательное,2026-04-26 06:43:01.531475
246,Социальная жизнь,Социальные сети,Вариант_3,True,1.1,278,True,0,False,4,10,Нейтральные,Нейтральные,Нейтральное,2026-06-15 06:43:01.531552
247,Социальная жизнь,Волонтерство,Вариант_1,True,3.7,235,True,0,False,10,8,Нейтральные,Нейтральные,Нейтральное,2025-11-12 06:43:01.531633
248,Социальная жизнь,Волонтерство,Вариант_2,True,9.7,288,False,3,False,9,9,Положительные,Нейтральные,Положительное,2026-06-07 06:43:01.531708
249,Социальная жизнь,Волонтерство,Вариант_3,False,9.6,280,True,3,True,10,1,Нейтральные,Положительные,Нейтральное,2026-04-03 06:43:01.531783
250,Социальная жизнь,Волонтерство,Вариант_4,False,6.1,330,False,2,True,2,2,Отрицательные,Положительные,Положительное,2026-06-03 06:43:01.531856
251,Социальная жизнь,Клубы по интересам,Вариант_1,True,1.8,207,False,4,True,1,8,Нейтральные,Нейтральные,Нейтральное,2026-03-17 06:43:01.531931
252,Социальная жизнь,Клубы по интересам,Вариант_2,True,1.3,353,False,0,False,4,9,Нейтральные,Отрицательные,Нейтральное,2026-03-05 06:43:01.532006
253,Социальная жизнь,Клубы по интересам,Вариант_3,True,3.9,363,False,4,True,2,7,Отрицательные,Положительные,Нейтральное,2025-11-30 06:43:01.532079
254,Социальная жизнь,Клубы по интересам,Вариант_4,True,2.5,63,True,1,False,2,1,Нейтральные,Нейтральные,Положительное,2026-08-12 06:43:01.532235
255,Социальная жизнь,Соседские отношения,Вариант_1,False,2.3,281,False,3,True,5,2,Нейтральные,Нейтральные,Отрицательное,2026-02-11 06:43:01.532329
256,Социальная жизнь,Соседские отношения,Вариант_2,False,6.5,191,True,1,False,9,4,Отрицательные,Отрицательные,Нейтральное,2026-06-18 06:43:01.532457
257,Социальная жизнь,Соседские отношения,Вариант_3,False,5.2,108,False,5,True,3,9,Отрицательные,Нейтральные,Положительное,2026-03-07 06:43:01.532544
258,Социальная жизнь,Соседские отношения,Вариант_4,False,2.6,241,True,0,False,4,4,Отрицательные,Положительные,Отрицательное,2026-05-18 06:43:01.532623
259,Социальная жизнь,Соседские отношения,Вариант_5,False,1.9,320,False,4,True,2,6,Отрицательные,Отрицательные,Положительное,2026-03-21 06:43:01.532698
260,Хобби и развлечения,Выбор хобби,Вариант_1,True,9.4,141,False,3,False,6,10,Нейтральные,Нейтральные,Отрицательное,2026-06-30 06:43:01.532773
261,Хобби и развлечения,Выбор хобби,Вариант_2,True,1.7,79,True,5,True,5,3,Нейтральные,Отрицательные,Положительное,2025-11-29 06:43:01.532846
262,Хобби и развлечения,Выбор хобби,Вариант_3,False,4.0,304,False,5,False,4,3,Положительные,Положительные,Положительное,2025-11-11 06:43:01.532920
263,Хобби и развлечения,Выбор хобби,Вариант_4,True,2.3,244,True,2,True,1,3,Отрицательные,Нейтральные,Нейтральное,2026-05-25 06:43:01.532993
264,Хобби и развлечения,Покупка музыкального инструмента,Вариант_1,False,3.7,61,True,4,False,7,7,Отрицательные,Нейтральные,Нейтральное,2026-03-04 06:43:01.533071
265,Хобби и развлечения,Покупка музыкального инструмента,Вариант_2,False,5.8,310,True,1,False,3,7,Отрицательные,Нейтральные,Нейтральное,2026-02-01 06:43:01.533158
266,Хобби и развлечения,Покупка музыкального инструмента,Вариант_3,True,6.0,223,False,1,True,6,8,Отрицательные,Нейтральные,Отрицательное,2026-05-01 06:43:01.533232
267,Хобби и развлечения,Покупка музыкального инструмента,Вариант_4,True,6.6,98,False,2,True,1,4,Нейтральные,Нейтральные,Отрицательное,2026-01-03 06:43:01.533318
268,Хобби и развлечения,Занятия спортом,Вариант_1,True,6.3,169,True,2,False,9,1,Отрицательные,Нейтральные,Положительное,2026-08-23 06:43:01.533450
269,Хобби и развлечения,Занятия спортом,Вариант_2,False,6.8,204,True,5,False,5,1,Отрицательные,Положительные,Отрицательное,2026-05-25 06:43:01.533531
270,Хобби и развлечения,Занятия спортом,Вариант_3,False,5.4,243,True,0,False,1,10,Отрицательные,Положительные,Отрицательное,2025-12-25 06:43:01.533609
271,Хобби и развлечения,Занятия спортом,Вариант_4,True,1.7,62,True,3,True,6,2,Отрицательные,Нейтральные,Положительное,2026-08-27 06:43:01.533683
272,Хобби и развлечения,Занятия спортом,Вариант_5,True,4.0,345,False,5,True,10,6,Отрицательные,Положительные,Отрицательное,2026-04-20 06:43:01.533757
273,Хобби и развлечения,Чтение книг,Вариант_1,False,8.5,343,True,0,True,9,3,Отрицательные,Нейтральные,Положительное,2025-12-23 06:43:01.533831
274,Хобби и развлечения,Чтение книг,Вариант_2,False,1.4,312,True,5,False,3,1,Нейтральные,Нейтральные,Отрицательное,2026-03-24 06:43:01.533911
275,Хобби и развлечения,Чтение книг,Вариант_3,True,4.1,291,True,4,False,2,2,Положительные,Положительные,Отрицательное,2025-11-09 06:43:01.533986
276,Хобби и развлечения,Чтение книг,Вариант_4,True,3.9,321,True,1,True,4,6,Нейтральные,Положительные,Отрицательное,2026-01-30 06:43:01.534060
277,Хобби и развлечения,Просмотр фильмов,Вариант_1,False,8.5,329,True,5,True,5,1,Нейтральные,Отрицательные,Нейтральное,2025-12-26 06:43:01.534149
278,Хобби и развлечения,Просмотр фильмов,Вариант_2,False,2.3,162,False,1,True,5,4,Положительные,Нейтральные,Нейтральное,2026-05-09 06:43:01.534225
279,Хобби и развлечения,Просмотр фильмов,Вариант_3,False,1.8,182,False,2,False,3,1,Отрицательные,Нейтральные,Положительное,2026-06-28 06:43:01.534299
280,Хобби и развлечения,Просмотр фильмов,Вариант_4,True,9.9,223,False,5,False,4,6,Отрицательные,Отрицательные,Отрицательное,2026-02-10 06:43:01.534419
281,Хобби и развлечения,Просмотр фильмов,Вариант_5,True,5.6,108,False,1,False,5,1,Положительные,Отрицательные,Отрицательное,2026-08-15 06:43:01.534505
282,Хобби и развлечения,Компьютерные игры,Вариант_1,True,5.3,240,False,2,False,10,1,Нейтральные,Отрицательные,Положительное,2026-08-14 06:43:01.534581
283,Хобби и развлечения,Компьютерные игры,Вариант_2,False,8.8,5,True,3,False,6,6,Отрицательные,Положительные,Положительное,2026-03-28 06:43:01.534655
284,Хобби и развлечения,Компьютерные игры,Вариант_3,False,2.5,280,True,0,False,10,8,Отрицательные,Отрицательные,Отрицательное,2026-05-06 06:43:01.534729
285,Хобби и развлечения,Рукоделие,Вариант_1,False,5.3,125,False,5,False,10,6,Нейтральные,Отрицательные,Нейтральное,2026-02-26 06:43:01.534802
286,Хобби и развлечения,Рукоделие,Вариант_2,True,9.7,120,True,3,False,5,10,Нейтральные,Отрицательные,Положительное,2025-12-18 06:43:01.534876
287,Хобби и развлечения,Рукоделие,Вариант_3,True,9.3,306,True,4,True,3,6,Положительные,Положительные,Нейтральное,2025-12-07 06:43:01.535109
288,Хобби и развлечения,Коллекционирование,Вариант_1,False,5.1,85,False,0,True,4,3,Нейтральные,Нейтральные,Положительное,2025-12-29 06:43:01.535207
289,Хобби и развлечения,Коллекционирование,Вариант_2,True,8.7,224,True,5,True,3,9,Нейтральные,Положительные,Нейтральное,2025-12-16 06:43:01.535282
290,Хобби и развлечения,Коллекционирование,Вариант_3,False,1.9,282,False,5,True,8,7,Нейтральные,Отрицательные,Положительное,2025-11-14 06:43:01.535397
291,Духовность и самопознание,Выбор религии или философии,Вариант_1,False,2.2,69,False,2,False,7,10,Нейтральные,Отрицательные,Положительное,2026-03-22 06:43:01.535488
292,Духовность и самопознание,Выбор религии или философии,Вариант_2,False,7.0,301,True,1,True,4,6,Нейтральные,Нейтральные,Отрицательное,2025-09-26 06:43:01.535565
293,Духовность и самопознание,Выбор религии или философии,Вариант_3,False,9.2,331,True,1,False,4,1,Положительные,Нейтральные,Нейтральное,2025-11-12 06:43:01.535639
294,Духовность и самопознание,Медитативные практики,Вариант_1,False,4.5,93,False,1,False,5,7,Отрицательные,Нейтральные,Положительное,2026-02-06 06:43:01.535713
295,Духовность и самопознание,Медитативные практики,Вариант_2,False,2.6,204,True,3,True,6,2,Отрицательные,Нейтральные,Положительное,2025-12-17 06:43:01.535786
296,Духовность и самопознание,Медитативные практики,Вариант_3,False,2.2,260,False,5,False,1,8,Отрицательные,Отрицательные,Нейтральное,2026-04-30 06:43:01.535859
297,Духовность и самопознание,Медитативные практики,Вариант_4,True,3.7,133,True,4,False,9,6,Нейтральные,Отрицательные,Нейтральное,2026-06-26 06:43:01.535939
298,Духовность и самопознание,Психологическое развитие,Вариант_1,False,2.0,92,False,4,False,2,3,Положительные,Нейтральные,Отрицательное,2026-07-25 06:43:01.536014
299,Духовность и самопознание,Психологическое развитие,Вариант_2,False,2.8,315,False,3,True,8,5,Положительные,Положительные,Нейтральное,2026-05-19 06:43:01.536087
300,Духовность и самопознание,Психологическое развитие,Вариант_3,False,1.5,307,False,2,False,6,5,Положительные,Отрицательные,Нейтральное,2025-12-26 06:43:01.536246
301,Духовность и самопознание,Йога и духовные практики,Вариант_1,False,4.2,9,False,2,False,1,10,Положительные,Нейтральные,Отрицательное,2025-10-14 06:43:01.536369
302,Духовность и самопознание,Йога и духовные практики,Вариант_2,False,3.2,44,True,1,True,8,7,Нейтральные,Нейтральные,Нейтральное,2026-08-08 06:43:01.536467
303,Духовность и самопознание,Йога и духовные практики,Вариант_3,True,9.3,269,False,0,True,6,6,Положительные,Положительные,Отрицательное,2026-08-18 06:43:01.536547
304,Духовность и самопознание,Чтение духовной литературы,Вариант_1,True,4.4,41,False,5,False,7,7,Положительные,Положительные,Отрицательное,2026-02-04 06:43:01.536633
305,Духовность и самопознание,Чтение духовной литературы,Вариант_2,True,8.5,222,True,1,False,5,10,Отрицательные,Отрицательные,Положительное,2025-10-21 06:43:01.536710
306,Духовность и самопознание,Чтение духовной литературы,Вариант_3,False,6.2,111,False,2,True,5,9,Отрицательные,Положительные,Отрицательное,2026-04-18 06:43:01.536791
307,Духовность и самопознание,Посещение мест силы,Вариант_1,True,7.1,140,True,3,True,1,7,Отрицательные,Положительные,Нейтральное,2026-02-09 06:43:01.536865
308,Духовность и самопознание,Посещение мест силы,Вариант_2,False,6.4,326,False,0,True,4,1,Отрицательные,Нейтральные,Положительное,2025-10-28 06:43:01.536945
309,Духовность и самопознание,Посещение мест силы,Вариант_3,False,7.6,312,False,4,False,10,6,Отрицательные,Нейтральные,Нейтральное,2026-07-08 06:43:01.537018
310,Духовность и самопознание,Посещение мест силы,Вариант_4,True,4.1,164,False,3,True,8,8,Положительные,Отрицательные,Отрицательное,2025-12-22 06:43:01.537093
311,Духовность и самопознание,Посещение мест силы,Вариант_5,False,3.3,17,True,5,False,9,6,Положительные,Положительные,Отрицательное,2026-06-24 06:43:01.537180
312,Духовность и самопознание,Участие в ретритах,Вариант_1,False,3.7,162,False,5,False,1,3,Отрицательные,Отрицательные,Положительное,2026-08-11 06:43:01.537266
313,Духовность и самопознание,Участие в ретритах,Вариант_2,False,6.1,213,True,2,False,4,7,Отрицательные,Положительные,Нейтральное,2026-08-02 06:43:01.537337
314,Духовность и самопознание,Участие в ретритах,Вариант_3,True,1.9,112,True,0,False,3,3,Отрицательные,Нейтральные,Отрицательное,2026-04-23 06:43:01.537462
315,Духовность и самопознание,Участие в ретритах,Вариант_4,False,7.8,215,False,2,False,2,6,Отрицательные,Отрицательные,Отрицательное,2026-04-14 06:43:01.537539
316,Духовность и самопознание,Работа с психологом,Вариант_1,True,8.7,254,False,2,False,3,3,Нейтральные,Нейтральные,Положительное,2026-06-25 06:43:01.537611
317,Духовность и самопознание,Работа с психологом,Вариант_2,False,7.9,336,True,5,True,7,10,Отрицательные,Нейтральные,Нейтральное,2026-04-24 06:43:01.537690
318,Духовность и самопознание,Работа с психологом,Вариант_3,True,6.7,317,True,1,True,10,10,Отрицательные,Нейтральные,Положительное,2026-03-11 06:43:01.537764
319,Духовность и самопознание,Работа с психологом,Вариант_4,True,2.5,321,False,5,True,6,1,Отрицательные,Отрицательные,Отрицательное,2026-04-13 06:43:01.537834
320,Духовность и самопознание,Работа с психологом,Вариант_5,True,8.7,83,False,2,True,3,8,Отрицательные,Положительные,Нейтральное,2025-12-02 06:43:01.537904
321,Технологии и цифровая жизнь,Выбор операционной системы,Вариант_1,False,1.6,16,True,4,False,8,4,Отрицательные,Отрицательные,Нейтральное,2026-01-27 06:43:01.537974
322,Технологии и цифровая жизнь,Выбор операционной системы,Вариант_2,True,9.8,257,True,4,False,3,4,Нейтральные,Отрицательные,Положительное,2025-09-29 06:43:01.538044
323,Технологии и цифровая жизнь,Выбор операционной системы,Вариант_3,True,7.1,209,False,3,True,7,5,Отрицательные,Отрицательные,Положительное,2026-08-02 06:43:01.538123
324,Технологии и цифровая жизнь,Выбор операционной системы,Вариант_4,True,4.9,31,False,3,True,6,7,Отрицательные,Отрицательные,Отрицательное,2026-08-24 06:43:01.538198
325,Технологии и цифровая жизнь,Выбор операционной системы,Вариант_5,False,4.9,64,True,1,False,10,2,Отрицательные,Положительные,Нейтральное,2026-04-25 06:43:01.538268
326,Технологии и цифровая жизнь,Использование соцсетей,Вариант_1,False,2.3,125,False,1,False,2,6,Отрицательные,Отрицательные,Положительное,2026-05-18 06:43:01.538372
327,Технологии и цифровая жизнь,Использование соцсетей,Вариант_2,False,7.8,134,False,2,False,6,8,Отрицательные,Нейтральные,Отрицательное,2026-02-13 06:43:01.538472
328,Технологии и цифровая жизнь,Использование соцсетей,Вариант_3,True,7.9,76,False,0,True,6,10,Нейтральные,Отрицательные,Нейтральное,2026-03-02 06:43:01.538548
329,Технологии и цифровая жизнь,Онлайн-обучение,Вариант_1,True,6.1,157,False,5,False,5,3,Отрицательные,Отрицательные,Положительное,2025-12-10 06:43:01.538620
330,Технологии и цифровая жизнь,Онлайн-обучение,Вариант_2,False,8.7,132,True,0,True,10,5,Положительные,Отрицательные,Положительное,2026-02-05 06:43:01.538689
331,Технологии и цифровая жизнь,Онлайн-обучение,Вариант_3,False,7.5,265,False,3,True,6,3,Отрицательные,Отрицательные,Нейтральное,2026-06-20 06:43:01.538759
332,Технологии и цифровая жизнь,Онлайн-обучение,Вариант_4,False,4.4,249,True,4,False,3,8,Нейтральные,Положительные,Отрицательное,2025-10-29 06:43:01.538829
333,Технологии и цифровая жизнь,Онлайн-обучение,Вариант_5,False,3.0,106,True,1,False,10,2,Отрицательные,Положительные,Нейтральное,2026-06-08 06:43:01.538900
334,Технологии и цифровая жизнь,Цифровая безопасность,Вариант_1,False,6.1,327,True,5,True,4,6,Отрицательные,Положительные,Нейтральное,2026-08-12 06:43:01.538970
335,Технологии и цифровая жизнь,Цифровая безопасность,Вариант_2,True,9.6,260,True,2,True,1,8,Отрицательные,Отрицательные,Положительное,2026-01-29 06:43:01.539040
336,Технологии и цифровая жизнь,Цифровая безопасность,Вариант_3,False,8.2,94,True,1,False,3,1,Отрицательные,Нейтральные,Отрицательное,2026-02-15 06:43:01.539118
337,Технологии и цифровая жизнь,Цифровая безопасность,Вариант_4,True,7.7,33,True,4,False,1,4,Положительные,Положительные,Отрицательное,2026-07-20 06:43:01.539197
338,Технологии и цифровая жизнь,Цифровая безопасность,Вариант_5,False,5.2,275,True,2,True,4,8,Положительные,Нейтральные,Положительное,2026-05-27 06:43:01.539268
339,Технологии и цифровая жизнь,Покупка гаджетов,Вариант_1,True,1.9,302,True,4,False,5,10,Положительные,Отрицательные,Нейтральное,2025-11-22 06:43:01.539373
340,Технологии и цифровая жизнь,Покупка гаджетов,Вариант_2,False,8.0,100,False,0,False,7,10,Нейтральные,Нейтральные,Отрицательное,2025-12-25 06:43:01.539465
341,Технологии и цифровая жизнь,Покупка гаджетов,Вариант_3,False,5.6,264,False,5,False,5,9,Положительные,Нейтральные,Нейтральное,2026-07-10 06:43:01.539538
342,Технологии и цифровая жизнь,Выбор интернет-провайдера,Вариант_1,False,6.6,58,True,3,True,6,9,Нейтральные,Нейтральные,Положительное,2025-12-26 06:43:01.539631
343,Технологии и цифровая жизнь,Выбор интернет-провайдера,Вариант_2,True,7.8,345,False,0,False,6,9,Положительные,Положительные,Положительное,2026-01-22 06:43:01.539704
344,Технологии и цифровая жизнь,Выбор интернет-провайдера,Вариант_3,True,3.8,157,False,4,False,2,5,Отрицательные,Положительные,Отрицательное,2025-12-14 06:43:01.539777
345,Технологии и цифровая жизнь,Выбор интернет-провайдера,Вариант_4,False,2.4,203,True,1,True,6,9,Нейтральные,Отрицательные,Отрицательное,2026-04-27 06:43:01.539851
346,Технологии и цифровая жизнь,Облачные хранилища,Вариант_1,False,3.1,135,False,2,False,3,5,Нейтральные,Отрицательные,Нейтральное,2026-03-06 06:43:01.539924
347,Технологии и цифровая жизнь,Облачные хранилища,Вариант_2,False,3.8,289,False,3,True,7,1,Нейтральные,Нейтральные,Отрицательное,2025-12-06 06:43:01.540088
348,Технологии и цифровая жизнь,Облачные хранилища,Вариант_3,False,7.9,10,True,1,False,5,6,Положительные,Нейтральные,Нейтральное,2026-04-09 06:43:01.540294
349,Технологии и цифровая жизнь,Облачные хранилища,Вариант_4,False,6.0,103,True,4,False,5,2,Положительные,Положительные,Положительное,2026-03-11 06:43:01.540434
350,Технологии и цифровая жизнь,Облачные хранилища,Вариант_5,False,9.5,304,False,0,False,8,4,Нейтральные,Отрицательные,Отрицательное,2026-04-06 06:43:01.540522
351,Технологии и цифровая жизнь,Автоматизация домашних задач,Вариант_1,True,1.9,328,False,2,False,8,5,Положительные,Нейтральные,Положительное,2025-11-02 06:43:01.540599
352,Технологии и цифровая жизнь,Автоматизация домашних задач,Вариант_2,False,9.8,212,True,1,False,10,4,Отрицательные,Положительные,Нейтральное,2026-01-29 06:43:01.540674
353,Технологии и цифровая жизнь,Автоматизация домашних задач,Вариант_3,False,6.2,339,False,4,False,1,3,Положительные,Отрицательные,Отрицательное,2026-03-05 06:43:01.540748
354,Технологии и цифровая жизнь,Автоматизация домашних задач,Вариант_4,False,9.1,229,True,1,False,8,4,Нейтральные,Нейтральные,Нейтральное,2026-01-05 06:43:01.540822
355,Технологии и цифровая жизнь,Автоматизация домашних задач,Вариант_5,False,3.3,12,True,0,False,7,7,Нейтральные,Положительные,Отрицательное,2025-10-26 06:43:01.540897
356,Безопасность и защита,Выбор страховки,Вариант_1,False,1.1,224,True,4,False,9,8,Нейтральные,Отрицательные,Нейтральное,2026-08-16 06:43:01.540970
357,Безопасность и защита,Выбор страховки,Вариант_2,True,7.6,290,True,4,True,9,3,Отрицательные,Положительные,Отрицательное,2026-05-23 06:43:01.541053
358,Безопасность и защита,Выбор страховки,Вариант_3,True,7.8,351,False,2,False,8,3,Отрицательные,Нейтральные,Положительное,2025-12-28 06:43:01.541141
359,Безопасность и защита,Выбор страховки,Вариант_4,False,5.1,355,False,0,False,10,5,Положительные,Отрицательные,Нейтральное,2025-10-05 06:43:01.541218
360,Безопасность и защита,Системы безопасности дома,Вариант_1,True,3.0,219,True,2,True,10,6,Отрицательные,Нейтральные,Отрицательное,2026-01-06 06:43:01.541292
361,Безопасность и защита,Системы безопасности дома,Вариант_2,False,9.0,296,True,1,True,4,5,Положительные,Положительные,Положительное,2026-06-26 06:43:01.541410
362,Безопасность и защита,Системы безопасности дома,Вариант_3,True,8.0,277,False,0,False,6,4,Отрицательные,Положительные,Положительное,2026-02-28 06:43:01.541501
363,Безопасность и защита,Системы безопасности дома,Вариант_4,True,4.8,139,True,1,False,1,3,Нейтральные,Положительные,Нейтральное,2025-10-09 06:43:01.541577
364,Безопасность и защита,Личная безопасность,Вариант_1,False,8.8,107,False,0,False,8,7,Положительные,Положительные,Нейтральное,2026-07-25 06:43:01.541652
365,Безопасность и защита,Личная безопасность,Вариант_2,True,1.8,90,True,1,True,2,8,Отрицательные,Отрицательные,Нейтральное,2026-03-07 06:43:01.541726
366,Безопасность и защита,Личная безопасность,Вариант_3,False,2.7,47,False,3,False,9,2,Нейтральные,Положительные,Положительное,2026-04-08 06:43:01.541801
367,Безопасность и защита,Личная безопасность,Вариант_4,False,4.6,52,False,2,False,2,7,Отрицательные,Нейтральные,Положительное,2025-11-08 06:43:01.541889
368,Безопасность и защита,Личная безопасность,Вариант_5,False,8.9,9,False,5,False,1,3,Положительные,Положительные,Отрицательное,2025-09-30 06:43:01.541974
369,Безопасность и защита,Финансовая защита,Вариант_1,True,5.7,72,False,0,True,10,4,Отрицательные,Отрицательные,Нейтральное,2026-04-04 06:43:01.542061
370,Безопасность и защита,Финансовая защита,Вариант_2,False,8.4,215,True,1,True,3,6,Положительные,Положительные,Положительное,2026-06-07 06:43:01.542142
371,Безопасность и защита,Финансовая защита,Вариант_3,True,3.8,321,False,2,False,1,1,Нейтральные,Положительные,Нейтральное,2025-10-13 06:43:01.542215
372,Безопасность и защита,Финансовая защита,Вариант_4,True,9.2,24,False,4,True,3,2,Положительные,Нейтральные,Положительное,2025-11-12 06:43:01.542286
373,Безопасность и защита,Информационная безопасность,Вариант_1,False,9.9,58,False,3,False,9,8,Положительные,Отрицательные,Отрицательное,2025-09-26 06:43:01.542397
374,Безопасность и защита,Информационная безопасность,Вариант_2,False,5.3,132,True,2,False,10,2,Нейтральные,Нейтральные,Отрицательное,2026-07-15 06:43:01.542484
375,Безопасность и защита,Информационная безопасность,Вариант_3,True,2.1,264,True,1,True,2,2,Отрицательные,Нейтральные,Нейтральное,2026-08-06 06:43:01.542559
376,Безопасность и защита,Информационная безопасность,Вариант_4,True,3.2,129,True,5,False,6,8,Отрицательные,Отрицательные,Отрицательное,2026-06-17 06:43:01.542631
377,Безопасность и защита,Информационная безопасность,Вариант_5,False,7.8,68,False,3,False,3,10,Отрицательные,Положительные,Отрицательное,2026-04-11 06:43:01.542709
378,Безопасность и защита,Здоровье и медстраховка,Вариант_1,True,8.1,94,True,1,True,4,3,Нейтральные,Нейтральные,Положительное,2026-07-15 06:43:01.542782
379,Безопасность и защита,Здоровье и медстраховка,Вариант_2,False,5.4,177,True,5,False,8,4,Нейтральные,Отрицательные,Нейтральное,2026-07-02 06:43:01.542853
380,Безопасность и защита,Здоровье и медстраховка,Вариант_3,False,2.1,144,False,2,True,5,6,Нейтральные,Отрицательные,Нейтральное,2025-11-14 06:43:01.542924
381,Безопасность и защита,Правовая защита,Вариант_1,False,7.9,135,True,2,False,1,9,Положительные,Положительные,Положительное,2026-05-18 06:43:01.542996
382,Безопасность и защита,Правовая защита,Вариант_2,True,2.1,365,False,1,False,5,8,Нейтральные,Отрицательные,Положительное,2026-06-11 06:43:01.543069
383,Безопасность и защита,Правовая защита,Вариант_3,True,4.6,262,True,1,True,1,4,Отрицательные,Отрицательные,Нейтральное,2026-06-22 06:43:01.543175
384,Безопасность и защита,Правовая защита,Вариант_4,True,6.1,272,True,4,False,9,4,Отрицательные,Отрицательные,Положительное,2026-04-05 06:43:01.543249
385,Безопасность и защита,Правовая защита,Вариант_5,True,1.9,85,True,5,True,9,10,Нейтральные,Положительные,Нейтральное,2025-10-21 06:43:01.543324
386,Безопасность и защита,Экстренные ситуации,Вариант_1,False,3.7,268,False,3,False,6,3,Отрицательные,Нейтральные,Положительное,2025-11-03 06:43:01.543453
387,Безопасность и защита,Экстренные ситуации,Вариант_2,False,7.4,343,False,1,True,1,7,Положительные,Положительные,Нейтральное,2025-12-17 06:43:01.543541
388,Безопасность и защита,Экстренные ситуации,Вариант_3,True,4.5,82,False,3,True,4,6,Положительные,Положительные,Нейтральное,2025-12-06 06:43:01.543618
389,Безопасность и защита,Экстренные ситуации,Вариант_4,False,2.1,300,True,1,False,3,5,Нейтральные,Положительные,Отрицательное,2025-11-25 06:43:01.543692
